{"cameraMode":{"drawMode":0,"name":"Shaded","section":"Shading Mode"},"sceneLighting":true,"audioPlay":false,"sceneViewState":{"m_AlwaysRefresh":false,"showFog":true,"showSkybox":true,"showFlares":true,"showImageEffects":true,"showParticleSystems":true,"showVisualEffectGraphs":true,"m_FxEnabled":true},"in2DMode":false,"pivot":{"x":-13.256475448608399,"y":-9.791839599609375,"z":7.684395790100098},"rotation":{"x":0.19035111367702485,"y":-0.8044452667236328,"z":0.34343335032463076,"w":0.44584691524505618},"size":13.985709190368653,"orthographic":false}